{"type":"View","props":{"width":750,"height":1334},"compId":2,"child":[{"type":"View","props":{"top":0,"right":0,"left":0,"bottom":0},"compId":8,"child":[{"type":"Image","props":{"skin":"loading/loading_bg.jpg","name":"img_bg","centerY":0,"centerX":0},"compId":7},{"type":"Image","props":{"y":152,"x":121,"top":152,"skin":"loading/logo.png","centerX":0},"compId":3},{"type":"ProgressBar","props":{"y":1139,"x":134,"value":0.5,"skin":"loading/tiao.png","sizeGrid":"0,16,0,15","name":"pb_progress","centerX":0,"bottom":167},"compId":4},{"type":"Script","props":{"runtime":"script/LoadingScript.ts"},"compId":9}]}],"loadList":["loading/loading_bg.jpg","loading/jiankang.png","loading/logo.png","loading/tiao.png"],"loadList3D":[]}