{
    "x":0,
    "type":"Scene",
    "selectedBox":101,
    "selecteID":109,
    "searchKey":"Scene",
    "props":{"width":750,"height":1334},
    "nodeParent":-1,
    "maxID":252,
    "loadList3D":[
        ],
    "loadList":[
        "game/img_timebg.png",
        "game/img_joystick.png",
        "game/img_dot_blue.png",
        "game/img_jump.png",
        "res/img_tips.png",
        "res/img_gameicon2.jpg",
        "res/img_video.png",
        "res/img_gameicon3.jpg",
        "res/img_gameicon4.jpg",
        "scenes/prefab/ShareFriendBox.prefab",
        "scenes/WXExportAd/CustomAd.prefab"],
    "label":"Scene",
    "isOpen":true,
    "isDirectory":true,
    "isAniNode":true,
    "hasChild":true,
    "compId":2,
    "child":[
        {
            "x":15,
            "type":"View",
            "searchKey":"View,ui_view,ui_view",
            "props":{"var":"ui_view","top":0,"right":0,"name":"ui_view","mouseThrough":true,"left":0,"bottom":0},
            "nodeParent":2,
            "label":"ui_view",
            "isOpen":true,
            "isDirectory":true,
            "isAniNode":true,
            "hasChild":true,
            "compId":3,
            "child":[
                {
                    "x":30,
                    "type":"Box",
                    "searchKey":"Box,b_countdown",
                    "props":{"width":399,"var":"b_countdown","top":27,"height":92,"centerX":0},
                    "nodeParent":3,
                    "label":"b_countdown",
                    "isOpen":false,
                    "isDirectory":true,
                    "isAniNode":true,
                    "hasChild":true,
                    "compId":39,
                    "child":[
                        {
                            "type":"Image",
                            "searchKey":"Image",
                            "props":{"skin":"game/img_timebg.png","pivotX":0,"centerY":1,"centerX":0,"alpha":0.5},
                            "nodeParent":39,
                            "label":"Image",
                            "isDirectory":false,
                            "isAniNode":true,
                            "hasChild":false,
                            "compId":69,
                            "child":[
                                ],
                            "$HIDDEN":false
                        },
                        {
                            "type":"Label",
                            "searchKey":"Label,txt_time,txt_time",
                            "props":{"var":"txt_time","text":"00:00","strokeColor":"#ffffff","stroke":1,"name":"txt_time","fontSize":36,"color":"#ffffff","centerY":-1,"centerX":1},
                            "nodeParent":39,
                            "label":"txt_time",
                            "isOpen":null,
                            "isDirectory":true,
                            "isAniNode":true,
                            "hasChild":true,
                            "compId":70,
                            "child":[
                                {
                                    "type":"Script",
                                    "source":"src/script/GameUITimer.ts",
                                    "searchKey":"Script,GameUITimer",
                                    "props":{"y":1,"x":0,"runtime":"script/GameUITimer.ts"},
                                    "nodeParent":70,
                                    "label":"GameUITimer",
                                    "isDirectory":false,
                                    "isAniNode":true,
                                    "hasChild":false,
                                    "compId":71,
                                    "child":[
                                        ],
                                    "$HIDDEN":false
                                }],
                            "$HIDDEN":false
                        }],
                    "$HIDDEN":false
                },
                {
                    "x":30,
                    "type":"Box",
                    "searchKey":"Box,input,input",
                    "props":{"y":0,"x":0,"var":"input","top":0,"right":0,"name":"input","left":0,"bottom":0},
                    "nodeParent":3,
                    "label":"input",
                    "isOpen":true,
                    "isDirectory":true,
                    "isAniNode":true,
                    "hasChild":true,
                    "compId":72,
                    "child":[
                        {
                            "x":45,
                            "type":"Script",
                            "switchAble":true,
                            "source":"src/script/InputScript.ts",
                            "searchKey":"Script,InputScript",
                            "removeAble":true,
                            "props":{"runtime":"script/InputScript.ts"},
                            "nodeParent":72,
                            "label":"InputScript",
                            "isDirectory":false,
                            "isAniNode":true,
                            "hasChild":false,
                            "compId":73,
                            "child":[
                                ],
                            "$HIDDEN":false
                        },
                        {
                            "x":45,
                            "type":"Box",
                            "searchKey":"Box,rotInput,rotInput",
                            "props":{"y":0,"x":0,"var":"rotInput","top":0,"right":0,"name":"rotInput","left":0,"bottom":0},
                            "nodeParent":72,
                            "label":"rotInput",
                            "isOpen":true,
                            "isDirectory":true,
                            "isAniNode":true,
                            "hasChild":true,
                            "compId":80,
                            "child":[
                                {
                                    "x":60,
                                    "type":"Box",
                                    "searchKey":"Box,joystickNode",
                                    "props":{"y":898,"x":142,"width":204,"visible":false,"name":"joystickNode","height":204,"anchorY":0.5,"anchorX":0.5},
                                    "nodeParent":80,
                                    "label":"joystickNode",
                                    "isOpen":true,
                                    "isDirectory":true,
                                    "isAniNode":true,
                                    "hasChild":true,
                                    "compId":81,
                                    "child":[
                                        {
                                            "x":75,
                                            "type":"Image",
                                            "searchKey":"Image,background",
                                            "props":{"skin":"game/img_joystick.png","name":"background"},
                                            "nodeParent":81,
                                            "label":"background",
                                            "isDirectory":false,
                                            "isAniNode":true,
                                            "hasChild":false,
                                            "compId":82,
                                            "child":[
                                                ],
                                            "$HIDDEN":false
                                        },
                                        {
                                            "x":75,
                                            "type":"Image",
                                            "searchKey":"Image,handle",
                                            "props":{"y":102,"x":102,"width":87,"skin":"game/img_dot_blue.png","name":"handle","height":87,"centerY":0,"centerX":0,"anchorY":0.5,"anchorX":0.5},
                                            "nodeParent":81,
                                            "label":"handle",
                                            "isDirectory":false,
                                            "isAniNode":true,
                                            "hasChild":false,
                                            "compId":83,
                                            "child":[
                                                ],
                                            "$HIDDEN":false
                                        }],
                                    "$HIDDEN":false
                                },
                                {
                                    "x":60,
                                    "type":"Image",
                                    "searchKey":"Image,img_jump",
                                    "props":{"visible":false,"skin":"res/img_tips.png","right":10,"name":"img_jump","bottom":200},
                                    "nodeParent":80,
                                    "label":"img_jump",
                                    "isOpen":null,
                                    "isDirectory":true,
                                    "isAniNode":true,
                                    "hasChild":true,
                                    "compId":84,
                                    "child":[
                                        {
                                            "type":"Label",
                                            "searchKey":"Label",
                                            "props":{"text":"跳","fontSize":50,"color":"#ffffff","centerY":0,"centerX":0,"bold":true},
                                            "nodeParent":84,
                                            "label":"Label",
                                            "isDirectory":false,
                                            "isAniNode":true,
                                            "hasChild":false,
                                            "compId":85,
                                            "child":[
                                                ],
                                            "$HIDDEN":false
                                        }],
                                    "$HIDDEN":false
                                },
                                {
                                    "x":60,
                                    "type":"Script",
                                    "switchAble":true,
                                    "source":"src/script/PlayerInputScript.ts",
                                    "searchKey":"Script,PlayerInputScript",
                                    "removeAble":true,
                                    "props":{"showHandle":"false","runtime":"script/PlayerInputScript.ts"},
                                    "nodeParent":80,
                                    "label":"PlayerInputScript",
                                    "isDirectory":false,
                                    "isAniNode":true,
                                    "hasChild":false,
                                    "compId":86,
                                    "child":[
                                        ],
                                    "$HIDDEN":false
                                }],
                            "$HIDDEN":true
                        },
                        {
                            "x":45,
                            "type":"Box",
                            "searchKey":"Box,moveInput,moveInput",
                            "props":{"y":0,"var":"moveInput","top":0,"right":0,"name":"moveInput","mouseThrough":true,"left":0,"bottom":0},
                            "nodeParent":72,
                            "label":"moveInput",
                            "isOpen":true,
                            "isDirectory":true,
                            "isAniNode":true,
                            "hasChild":true,
                            "compId":74,
                            "child":[
                                {
                                    "x":60,
                                    "type":"Box",
                                    "searchKey":"Box,joystickNode",
                                    "props":{"y":1084,"x":142,"width":204,"name":"joystickNode","height":204,"anchorY":0.5,"anchorX":0.5},
                                    "nodeParent":74,
                                    "label":"joystickNode",
                                    "isOpen":true,
                                    "isDirectory":true,
                                    "isAniNode":true,
                                    "hasChild":true,
                                    "compId":75,
                                    "child":[
                                        {
                                            "x":75,
                                            "type":"Image",
                                            "searchKey":"Image,background",
                                            "props":{"skin":"game/img_joystick.png","name":"background"},
                                            "nodeParent":75,
                                            "label":"background",
                                            "isDirectory":false,
                                            "isAniNode":true,
                                            "hasChild":false,
                                            "compId":76,
                                            "child":[
                                                ],
                                            "$HIDDEN":false
                                        },
                                        {
                                            "x":75,
                                            "type":"Image",
                                            "searchKey":"Image,handle",
                                            "props":{"y":102,"x":102,"width":87,"skin":"game/img_dot_blue.png","name":"handle","height":87,"centerY":0,"centerX":0,"anchorY":0.5,"anchorX":0.5},
                                            "nodeParent":75,
                                            "label":"handle",
                                            "isDirectory":false,
                                            "isAniNode":true,
                                            "hasChild":false,
                                            "compId":77,
                                            "child":[
                                                ],
                                            "$HIDDEN":false
                                        }],
                                    "$HIDDEN":false
                                },
                                {
                                    "x":60,
                                    "type":"Image",
                                    "searchKey":"Image,img_jump",
                                    "props":{"skin":"game/img_jump.png","right":42,"name":"img_jump","bottom":230},
                                    "nodeParent":74,
                                    "label":"img_jump",
                                    "isDirectory":false,
                                    "isAniNode":true,
                                    "hasChild":false,
                                    "compId":78,
                                    "child":[
                                        ],
                                    "$HIDDEN":false
                                },
                                {
                                    "x":60,
                                    "type":"Script",
                                    "switchAble":true,
                                    "source":"src/script/PlayerInputScript.ts",
                                    "searchKey":"Script,PlayerInputScript",
                                    "removeAble":true,
                                    "props":{"showHandle":"true","runtime":"script/PlayerInputScript.ts"},
                                    "nodeParent":74,
                                    "label":"PlayerInputScript",
                                    "isDirectory":false,
                                    "isAniNode":true,
                                    "hasChild":false,
                                    "compId":79,
                                    "child":[
                                        ],
                                    "$HIDDEN":false
                                }],
                            "$HIDDEN":false
                        }],
                    "$HIDDEN":false
                },
                {
                    "x":30,
                    "type":"Box",
                    "searchKey":"Box",
                    "props":{"width":170,"right":14,"height":423,"centerY":-179},
                    "nodeParent":3,
                    "label":"Box",
                    "isOpen":true,
                    "isDirectory":true,
                    "isAniNode":true,
                    "hasChild":true,
                    "compId":93,
                    "child":[
                        {
                            "x":45,
                            "type":"Image",
                            "searchKey":"Image,img_game2",
                            "props":{"var":"img_game2","skin":"res/img_gameicon2.jpg"},
                            "nodeParent":93,
                            "label":"img_game2",
                            "isOpen":true,
                            "isDirectory":true,
                            "isAniNode":true,
                            "hasChild":true,
                            "compId":94,
                            "child":[
                                {
                                    "x":60,
                                    "type":"Image",
                                    "searchKey":"Image,img_video",
                                    "props":{"y":115,"x":2,"skin":"res/img_video.png","scaleY":0.5,"scaleX":0.5,"name":"img_video"},
                                    "nodeParent":94,
                                    "label":"img_video",
                                    "isDirectory":false,
                                    "isAniNode":true,
                                    "hasChild":false,
                                    "compId":103,
                                    "child":[
                                        ],
                                    "$HIDDEN":false
                                },
                                {
                                    "x":60,
                                    "type":"Label",
                                    "searchKey":"Label,label_cnt",
                                    "props":{"y":115,"x":70.20849609375,"text":"3/3","strokeColor":"#000000","stroke":2,"name":"label_cnt","fontSize":22,"color":"#ffffff","bold":true},
                                    "nodeParent":94,
                                    "label":"label_cnt",
                                    "isDirectory":false,
                                    "isAniNode":true,
                                    "hasChild":false,
                                    "compId":104,
                                    "child":[
                                        ],
                                    "$HIDDEN":false
                                },
                                {
                                    "x":60,
                                    "type":"Script",
                                    "switchAble":true,
                                    "source":"src/script/GameItemScript.ts",
                                    "searchKey":"Script,GameItemScript",
                                    "removeAble":true,
                                    "props":{"runtime":"script/GameItemScript.ts","gameId":2},
                                    "nodeParent":94,
                                    "label":"GameItemScript",
                                    "isDirectory":false,
                                    "isAniNode":true,
                                    "hasChild":false,
                                    "compId":107,
                                    "child":[
                                        ],
                                    "$HIDDEN":false
                                }],
                            "$HIDDEN":false
                        },
                        {
                            "x":45,
                            "type":"Image",
                            "searchKey":"Image,img_game3",
                            "props":{"y":197.5,"x":0,"var":"img_game3","skin":"res/img_gameicon3.jpg"},
                            "nodeParent":93,
                            "label":"img_game3",
                            "isOpen":true,
                            "isDirectory":true,
                            "isAniNode":true,
                            "hasChild":true,
                            "compId":101,
                            "child":[
                                {
                                    "x":60,
                                    "type":"Image",
                                    "searchKey":"Image,img_video",
                                    "props":{"y":115,"x":2,"skin":"res/img_video.png","scaleY":0.5,"scaleX":0.5,"name":"img_video"},
                                    "nodeParent":101,
                                    "label":"img_video",
                                    "isDirectory":false,
                                    "isAniNode":true,
                                    "hasChild":false,
                                    "compId":109,
                                    "child":[
                                        ],
                                    "$HIDDEN":false
                                },
                                {
                                    "x":60,
                                    "type":"Label",
                                    "searchKey":"Label,label_cnt",
                                    "props":{"y":116,"x":70.20849609375,"text":"3/3","strokeColor":"#000000","stroke":2,"name":"label_cnt","fontSize":22,"color":"#ffffff","bold":true},
                                    "nodeParent":101,
                                    "label":"label_cnt",
                                    "isDirectory":false,
                                    "isAniNode":true,
                                    "hasChild":false,
                                    "compId":110,
                                    "child":[
                                        ],
                                    "$HIDDEN":false
                                },
                                {
                                    "x":60,
                                    "type":"Script",
                                    "switchAble":true,
                                    "source":"src/script/GameItemScript.ts",
                                    "searchKey":"Script,GameItemScript",
                                    "removeAble":true,
                                    "props":{"runtime":"script/GameItemScript.ts","gameId":3},
                                    "nodeParent":101,
                                    "label":"GameItemScript",
                                    "isDirectory":false,
                                    "isAniNode":true,
                                    "hasChild":false,
                                    "compId":111,
                                    "child":[
                                        ],
                                    "$HIDDEN":false
                                }],
                            "$HIDDEN":false
                        },
                        {
                            "x":45,
                            "type":"Image",
                            "searchKey":"Image,img_game4",
                            "props":{"y":398,"x":0,"var":"img_game4","skin":"res/img_gameicon4.jpg"},
                            "nodeParent":93,
                            "label":"img_game4",
                            "isOpen":true,
                            "isDirectory":true,
                            "isAniNode":true,
                            "hasChild":true,
                            "compId":112,
                            "child":[
                                {
                                    "x":60,
                                    "type":"Image",
                                    "searchKey":"Image,img_video",
                                    "props":{"y":115,"x":1.70849609375,"skin":"res/img_video.png","scaleY":0.5,"scaleX":0.5,"name":"img_video"},
                                    "nodeParent":112,
                                    "label":"img_video",
                                    "isDirectory":false,
                                    "isAniNode":true,
                                    "hasChild":false,
                                    "compId":113,
                                    "child":[
                                        ],
                                    "$HIDDEN":false
                                },
                                {
                                    "x":60,
                                    "type":"Label",
                                    "searchKey":"Label,label_cnt",
                                    "props":{"y":115,"x":70.20849609375,"text":"3/3","strokeColor":"#000000","stroke":2,"name":"label_cnt","fontSize":22,"color":"#ffffff","bold":true},
                                    "nodeParent":112,
                                    "label":"label_cnt",
                                    "isDirectory":false,
                                    "isAniNode":true,
                                    "hasChild":false,
                                    "compId":114,
                                    "child":[
                                        ],
                                    "$HIDDEN":false
                                },
                                {
                                    "x":60,
                                    "type":"Script",
                                    "switchAble":true,
                                    "source":"src/script/GameItemScript.ts",
                                    "searchKey":"Script,GameItemScript",
                                    "removeAble":true,
                                    "props":{"runtime":"script/GameItemScript.ts","gameId":4},
                                    "nodeParent":112,
                                    "label":"GameItemScript",
                                    "isDirectory":false,
                                    "isAniNode":true,
                                    "hasChild":false,
                                    "compId":115,
                                    "child":[
                                        ],
                                    "$HIDDEN":false
                                }],
                            "$HIDDEN":false
                        }],
                    "$HIDDEN":false
                },
                {
                    "x":30,
                    "type":"Image",
                    "searchKey":"Image,btn_music,btn_music",
                    "props":{"y":37,"x":668,"var":"btn_music","skin":"game/btn_sound_on.png","name":"btn_music"},
                    "nodeParent":3,
                    "label":"btn_music",
                    "isOpen":true,
                    "isDirectory":true,
                    "isAniNode":true,
                    "hasChild":true,
                    "compId":245,
                    "child":[
                        {
                            "x":45,
                            "type":"Script",
                            "switchAble":true,
                            "source":"src/script/ScaleEffectBtn.ts",
                            "searchKey":"Script,ScaleEffectBtn",
                            "removeAble":true,
                            "props":{"y":0,"x":0,"runtime":"script/ScaleEffectBtn.ts"},
                            "nodeParent":245,
                            "label":"ScaleEffectBtn",
                            "isDirectory":false,
                            "isAniNode":true,
                            "hasChild":false,
                            "compId":246,
                            "child":[
                                ],
                            "$HIDDEN":false
                        }],
                    "$HIDDEN":false
                },
                {
                    "x":30,
                    "type":"Image",
                    "searchKey":"Image,btn_help,btn_help",
                    "props":{"y":130,"x":668,"var":"btn_help","skin":"game/wen.png","name":"btn_help"},
                    "nodeParent":3,
                    "label":"btn_help",
                    "isOpen":false,
                    "isDirectory":true,
                    "isAniNode":true,
                    "hasChild":true,
                    "compId":250,
                    "child":[
                        {
                            "type":"Script",
                            "switchAble":true,
                            "source":"src/script/ScaleEffectBtn.ts",
                            "searchKey":"Script,ScaleEffectBtn",
                            "removeAble":true,
                            "props":{"y":0,"x":0,"runtime":"script/ScaleEffectBtn.ts"},
                            "nodeParent":250,
                            "label":"ScaleEffectBtn",
                            "isDirectory":false,
                            "isAniNode":true,
                            "hasChild":false,
                            "compId":251,
                            "child":[
                                ],
                            "$HIDDEN":false
                        }],
                    "$HIDDEN":false
                },
                {
                    "x":30,
                    "type":"Image",
                    "searchKey":"Image,btn_ready",
                    "props":{"y":784,"x":241,"var":"btn_ready","skin":"res/img_ready .png"},
                    "nodeParent":3,
                    "label":"btn_ready",
                    "isDirectory":false,
                    "isAniNode":true,
                    "hasChild":false,
                    "compId":247,
                    "child":[
                        ],
                    "$HIDDEN":false
                },
                {
                    "x":30,
                    "type":"Box",
                    "searchKey":"Box,box_guide,box_guide",
                    "props":{"y":0,"x":0,"visible":false,"var":"box_guide","top":0,"right":0,"name":"box_guide","mouseThrough":false,"mouseEnabled":true,"left":0,"bottom":0,"bgColor":"#000000","alpha":0.8},
                    "nodeParent":3,
                    "label":"box_guide",
                    "isDirectory":false,
                    "isAniNode":true,
                    "hasChild":false,
                    "compId":248,
                    "child":[
                        ],
                    "$HIDDEN":true
                },
                {
                    "x":30,
                    "type":"Sprite",
                    "searchKey":"Sprite,spr_guide,spr_guide",
                    "props":{"y":0,"x":0,"visible":false,"var":"spr_guide","texture":"game/guide.png","name":"spr_guide"},
                    "nodeParent":3,
                    "label":"spr_guide",
                    "isDirectory":false,
                    "isAniNode":true,
                    "hasChild":false,
                    "compId":249,
                    "child":[
                        ],
                    "$HIDDEN":true
                }],
            "$HIDDEN":false
        }],
    "animations":[
        {
            "nodes":[
                ],
            "name":"ani1",
            "id":1,
            "frameRate":24,
            "action":0
        }],
    "$HIDDEN":false
}