{"res/atlas/game.atlas":["game/",["btn_sound_off.png","btn_sound_on.png","home.png","img_dot_blue.png","img_joystick.png","img_jump.png","img_playercnt.png","img_timebg.png","wen.png"]],"res/atlas/gameEnd.atlas":["gameEnd/",["2.png","img_newgame.png"]],"res/atlas/loading.atlas":["loading/",["logo.png","tiao$bar.png","tiao.png"]],"res/atlas/popularizeRes.atlas":["popularizeRes/",["caijian.png","caijian_2.png","game_1.png","img_gameIconMask.png","moreGame_1.png","moreGame_10.png","moreGame_11.png","moreGame_14.png","moreGame_17.png","moreGame_19.png","moreGame_2.png","moreGame_21.png","moreGame_22.png","moreGame_23.png","moreGame_24.png","moreGame_25.png","moreGame_26.png","moreGame_27.png","moreGame_28.png","moreGame_29.png","moreGame_3.png","moreGame_30.png","moreGame_31.png"]],"res/atlas/power.atlas":["power/",["1_01.png","2.png","66.png","7.png","btn_add.png","img_cancel.png","img_close.png","img_di.png","img_infinity.png","img_power.png","img_title2.png"]],"res/atlas/res/head.atlas":["res/head/",["img_head0.png","img_head1.png","img_head10.png","img_head11.png","img_head12.png","img_head13.png","img_head14.png","img_head15.png","img_head16.png","img_head17.png","img_head18.png","img_head19.png","img_head2.png","img_head20.png","img_head21.png","img_head22.png","img_head23.png","img_head24.png","img_head25.png","img_head26.png","img_head27.png","img_head28.png","img_head29.png","img_head3.png","img_head30.png","img_head31.png","img_head32.png","img_head33.png","img_head34.png","img_head35.jpg","img_head36.jpg","img_head37.jpg","img_head38.jpg","img_head39.jpg","img_head4.png","img_head40.jpg","img_head41.jpg","img_head42.jpg","img_head43.jpg","img_head44.jpg","img_head45.jpg","img_head46.jpg","img_head47.jpg","img_head48.jpg","img_head49.jpg","img_head5.png","img_head50.jpg","img_head51.jpg","img_head52.jpg","img_head53.jpg","img_head54.jpg","img_head55.jpg","img_head56.jpg","img_head57.jpg","img_head58.jpg","img_head59.jpg","img_head6.png","img_head60.jpg","img_head61.jpg","img_head62.jpg","img_head63.jpg","img_head64.jpg","img_head65.jpg","img_head66.jpg","img_head67.jpg","img_head68.jpg","img_head69.jpg","img_head7.png","img_head70.jpg","img_head71.jpg","img_head72.jpg","img_head73.jpg","img_head74.jpg","img_head75.jpg","img_head76.jpg","img_head77.jpg","img_head8.png","img_head9.png"]],"res/atlas/res.atlas":["res/",["blank.png","close_2.png","head.png","img_1.png","img_3.png","img_4.png","img_5.png","img_bg.png","img_btnblue.png","img_btnyellow.png","img_coins.png","img_gameicon2.jpg","img_gameicon3.jpg","img_gameicon4.jpg","img_marble.png","img_ready .png","img_tips.png","img_video.png","mask.png","record_1.png","record_2.png","record_3.png","shuzi3.png"]],"res/atlas/shareGuide.atlas":["shareGuide/",["img_1.png","img_2.png","img_4.png","img_5.png","share-button.png"]]}