{"compId":108,"child":[{"compId":109,"type":"Label","props":{"color":"#ffffff","text":"邀请好友\\n一起来挑战","top":5,"presetID":2,"height":40,"width":110,"wordWrap":true,"centerX":0,"fontSize":20,"align":"center"}},{"compId":118,"type":"WXOpenDataViewer","props":{"iconSign":"wx","name":"wx_open_data_viewer","width":116,"presetID":9,"height":620,"var":"wx_open_data_viewer","y":50,"x":7,"runtime":"laya.ui.WXOpenDataViewer"}},{"compId":113,"type":"Image","props":{"name":"changeBtn","bottom":2,"scaleX":1.1,"scaleY":1.1,"presetID":5,"height":40,"width":100,"anchorX":0.5,"centerX":0,"skin":"popularizeRes/moreGame_31.png","anchorY":0.5}},{"compId":114,"child":[{"compId":115,"type":"Image","props":{"presetID":7,"height":120,"width":116,"renderType":"render","skin":"popularizeRes/moreGame_11.png","alpha":0}}],"type":"List","props":{"name":"headList","width":116,"presetID":6,"height":620,"repeatX":1,"repeatY":5,"zOrder":10,"spaceY":5,"y":50,"x":7}},{"compId":116,"type":"Script","props":{"runtime":"script/ShareFriendScript.ts","presetID":8}}],"type":"Image","props":{"sizeGrid":"20,20,20,20","presetID":1,"height":720,"width":130,"isPresetRoot":true,"skin":"res/img_tips.png","y":0,"x":0},"loadList":["res/img_tips.png","popularizeRes/moreGame_31.png","popularizeRes/moreGame_11.png"],"loadList3D":[]}